{
  "tag": "AdamW_e90_lr0.0001_wd1e-05",
  "paths": {
    "exp_dir": "/home/joan_ds/Sandbox/UOC/TFM/train_DeepLabV3/exp_AdamW_e90_lr0.0001_wd1e-05",
    "best_ckpt": "/home/joan_ds/Sandbox/UOC/TFM/train_DeepLabV3/exp_AdamW_e90_lr0.0001_wd1e-05/best.pth",
    "train_log": "/home/joan_ds/Sandbox/UOC/TFM/train_DeepLabV3/exp_AdamW_e90_lr0.0001_wd1e-05/train_log.jsonl"
  },
  "hyperparams": {
    "optimizer": "AdamW",
    "epochs": 90,
    "lr_backbone": 0.0001,
    "lr_head_multiplier": 10.0,
    "weight_decay": 1e-05,
    "seed": 1337,
    "early_stopping": {
      "monitor": "val_loss",
      "patience": 20
    }
  },
  "duration_seconds": 2247.13,
  "metrics": {
    "train_loss_mean": 0.32538433037693176,
    "train_loss_last": 0.11152616051146708,
    "best_val_mIoU": 0.5372831359590478,
    "best_epoch": 30,
    "best_val_loss": 0.4947510960291287,
    "per_class_IoU": {
      "sidewalk_tiles": 0.8734128562047137,
      "sidewalk_asphalt": 0.3216783797014628,
      "roadway": 0.6149834499566815,
      "curb_edge": 0.45463356483881,
      "drainage_inlet": 0.4375514755261591,
      "gutter": 0.42796014513402103,
      "access_cover": 0.5760934991202129,
      "tree_pit": 0.6206337420002199,
      "vegetation": 0.5235779672001649,
      "street_furniture": 0.5223062799080316
    }
  }
}